date,rainfall_mm,inflow_cusecs,outflow_cusecs,storage_tmcft,capacity_tmcft,water_level_ft,max_water_level_ft,temperature_c,humidity_percent,spillway_open,risk_label
2025-03-21 20:44:20.306260,5.36,1228.99,26.56,0.604,2.0,18.12,60,32.9,55.6,0,Low
2025-03-22 20:44:20.306260,0.83,665.24,435.66,0.624,2.0,18.71,60,30.5,68.9,0,Low
2025-03-23 20:44:20.306260,7.46,1890.32,1042.75,0.697,2.0,20.91,60,23.2,76.2,0,Low
2025-03-24 20:44:20.306260,0.6,393.06,331.36,0.702,2.0,21.07,60,24.8,44.7,0,Low
2025-03-25 20:44:20.306260,6.51,997.4,605.01,0.736,2.0,22.09,60,34.5,83.1,0,Low
2025-03-26 20:44:20.306260,23.54,3903.37,2059.55,0.895,2.0,26.86,60,27.3,81.0,0,Low
2025-03-27 20:44:20.306260,15.85,2486.43,1336.61,0.995,2.0,29.85,60,26.1,91.1,0,Low
2025-03-28 20:44:20.306260,8.05,1273.92,724.24,1.042,2.0,31.27,60,28.3,64.7,0,Medium
2025-03-29 20:44:20.306260,3.82,976.58,1368.79,1.008,2.0,30.25,60,28.7,43.6,0,Medium
2025-03-30 20:44:20.306260,5.62,1177.23,1523.17,0.979,2.0,29.36,60,35.9,66.8,0,Low
2025-03-31 20:44:20.306260,6.51,959.56,564.14,1.013,2.0,30.38,60,21.3,48.0,0,Medium
2025-04-01 20:44:20.306260,0.04,650.73,1248.19,0.961,2.0,28.83,60,32.9,77.6,0,Low
2025-04-02 20:44:20.306260,0.54,398.9,283.07,0.971,2.0,29.13,60,37.3,42.7,0,Low
2025-04-03 20:44:20.306260,4.54,1461.9,806.59,1.028,2.0,30.83,60,34.7,61.7,0,Medium
2025-04-04 20:44:20.306260,0.03,412.86,754.43,0.998,2.0,29.95,60,41.6,44.8,0,Low
2025-04-05 20:44:20.306260,11.98,2899.01,1558.59,1.114,2.0,33.42,60,27.7,40.2,0,Medium
2025-04-06 20:44:20.306260,3.36,1036.17,1600.57,1.065,2.0,31.96,60,34.5,95.7,0,Medium
2025-04-07 20:44:20.306260,1.49,584.01,1099.16,1.021,2.0,30.62,60,29.6,97.8,0,Medium
2025-04-08 20:44:20.306260,2.5,927.28,1464.17,0.974,2.0,29.23,60,27.4,72.2,0,Low
2025-04-09 20:44:20.306260,9.51,2032.74,1152.27,1.05,2.0,31.51,60,18.9,53.9,0,Medium
2025-04-10 20:44:20.306260,13.1,2070.57,2638.78,1.001,2.0,30.04,60,27.7,92.8,0,Medium
2025-04-11 20:44:20.306260,0.62,835.11,1129.14,0.976,2.0,29.28,60,35.3,93.5,0,Low
2025-04-12 20:44:20.306260,7.52,1748.3,969.99,1.043,2.0,31.3,60,21.4,89.6,0,Medium
2025-04-13 20:44:20.306260,4.32,777.39,1131.47,1.013,2.0,30.38,60,40.5,71.6,0,Medium
2025-04-14 20:44:20.306260,4.4,828.32,1181.07,0.982,2.0,29.46,60,32.0,44.3,0,Low
2025-04-15 20:44:20.306260,7.56,2011.0,1120.73,1.059,2.0,31.77,60,24.5,45.1,0,Medium
2025-04-16 20:44:20.306260,1.26,766.68,1127.4,1.028,2.0,30.84,60,31.1,92.0,0,Medium
2025-04-17 20:44:20.306260,3.79,659.53,1106.06,0.989,2.0,29.68,60,33.4,90.8,0,Low
2025-04-18 20:44:20.306260,1.92,242.45,209.45,0.992,2.0,29.76,60,27.6,65.2,0,Low
2025-04-19 20:44:20.306260,0.5,465.35,313.79,1.005,2.0,30.16,60,26.9,59.0,0,Medium
2025-04-20 20:44:20.306260,0.56,354.59,695.82,0.976,2.0,29.27,60,39.9,77.4,0,Low
2025-04-21 20:44:20.306260,0.73,404.39,332.57,0.982,2.0,29.46,60,28.3,86.8,0,Low
2025-04-22 20:44:20.306260,4.77,940.45,580.33,1.013,2.0,30.39,60,29.3,82.4,0,Medium
2025-04-23 20:44:20.306260,0.56,212.53,802.13,0.962,2.0,28.86,60,36.6,75.7,0,Low
2025-04-24 20:44:20.306260,4.22,1361.91,814.22,1.009,2.0,30.28,60,29.6,53.4,0,Medium
2025-04-25 20:44:20.306260,4.44,751.1,1145.41,0.975,2.0,29.26,60,33.8,55.2,0,Low
2025-04-26 20:44:20.306260,11.71,1618.81,883.64,1.039,2.0,31.17,60,27.6,82.0,0,Medium
2025-04-27 20:44:20.306260,4.92,1247.87,1717.43,0.998,2.0,29.95,60,26.5,86.6,0,Low
2025-04-28 20:44:20.306260,21.2,2754.01,1499.67,1.107,2.0,33.2,60,31.9,46.7,0,Medium
2025-04-29 20:44:20.306260,0.16,491.0,876.67,1.073,2.0,32.2,60,25.1,50.9,0,Medium
2025-04-30 20:44:20.306260,6.09,1437.86,1729.83,1.048,2.0,31.44,60,32.0,79.5,0,Medium
2025-05-01 20:44:20.306260,0.13,391.95,814.84,1.012,2.0,30.35,60,25.4,62.6,0,Medium
2025-05-02 20:44:20.306260,6.54,1480.76,1782.3,0.986,2.0,29.57,60,32.0,72.7,0,Low
2025-05-03 20:44:20.306260,2.44,739.72,513.86,1.005,2.0,30.15,60,36.2,75.7,0,Medium
2025-05-04 20:44:20.306260,4.72,812.2,1263.75,0.966,2.0,28.98,60,20.0,85.0,0,Low
2025-05-05 20:44:20.306260,1.85,568.93,363.66,0.984,2.0,29.51,60,27.9,86.7,0,Low
2025-05-06 20:44:20.306260,0.87,620.28,381.71,1.004,2.0,30.13,60,20.2,56.2,0,Medium
2025-05-07 20:44:20.306260,6.43,1024.63,1511.32,0.962,2.0,28.87,60,28.5,71.4,0,Low
2025-05-08 20:44:20.306260,11.75,1485.48,863.52,1.016,2.0,30.48,60,31.7,47.2,0,Medium
2025-05-09 20:44:20.306260,1.01,772.13,1210.98,0.978,2.0,29.35,60,28.3,88.8,0,Low
2025-05-10 20:44:20.306260,12.67,1422.41,822.63,1.03,2.0,30.9,60,19.3,89.0,0,Medium
2025-05-11 20:44:20.306260,0.76,513.54,955.09,0.992,2.0,29.76,60,34.5,57.4,0,Low
2025-05-12 20:44:20.306260,6.65,1082.96,627.49,1.031,2.0,30.94,60,22.7,49.3,0,Medium
2025-05-13 20:44:20.306260,16.03,2287.89,2862.86,0.982,2.0,29.45,60,34.2,44.1,0,Low
2025-05-14 20:44:20.306260,0.8,379.34,287.6,0.989,2.0,29.68,60,26.3,73.3,0,Low
2025-05-15 20:44:20.306260,2.86,600.31,352.19,1.011,2.0,30.33,60,25.6,45.3,0,Medium
2025-05-16 20:44:20.306260,2.06,704.21,1043.55,0.982,2.0,29.45,60,30.1,79.5,0,Low
2025-05-17 20:44:20.306260,2.46,1002.76,564.41,1.019,2.0,30.58,60,35.3,79.3,0,Medium
2025-05-18 20:44:20.306260,6.99,1683.68,2029.03,0.99,2.0,29.69,60,39.8,75.6,0,Low
2025-05-19 20:44:20.306260,5.41,1109.84,665.75,1.028,2.0,30.84,60,27.9,90.8,0,Medium
2025-05-20 20:44:20.306260,17.32,3153.56,3362.63,1.01,2.0,30.3,60,23.5,61.9,0,Medium
2025-05-21 20:44:20.306260,1.03,604.51,1152.59,0.963,2.0,28.88,60,31.7,92.3,0,Low
2025-05-22 20:44:20.306260,3.92,735.62,478.84,0.985,2.0,29.54,60,23.3,42.1,0,Low
2025-05-23 20:44:20.306260,2.98,166.31,162.69,0.985,2.0,29.55,60,33.7,46.5,0,Low
2025-05-24 20:44:20.306260,12.56,2260.28,1211.26,1.076,2.0,32.27,60,32.2,63.9,0,Medium
2025-05-25 20:44:20.306260,0.05,178.44,564.71,1.042,2.0,31.27,60,36.8,74.5,0,Medium
2025-05-26 20:44:20.306260,22.63,2454.8,2754.03,1.016,2.0,30.49,60,35.3,41.9,0,Medium
2025-05-27 20:44:20.306260,3.27,792.26,994.0,0.999,2.0,29.97,60,30.7,72.9,0,Low
2025-05-28 20:44:20.306260,4.91,708.89,407.1,1.025,2.0,30.75,60,30.2,57.8,0,Medium
2025-05-29 20:44:20.306260,2.23,869.61,1212.71,0.995,2.0,29.86,60,25.6,91.5,0,Low
2025-05-30 20:44:20.306260,9.57,1185.17,655.01,1.041,2.0,31.24,60,25.5,70.9,0,Medium
2025-05-31 20:44:20.306260,4.13,644.81,853.76,1.023,2.0,30.7,60,29.8,74.1,0,Medium
2025-06-01 20:44:20.306260,32.61,5353.11,5896.82,0.976,2.0,29.29,60,24.6,94.8,0,Low
2025-06-02 20:44:20.306260,31.4,4959.72,2557.27,1.184,2.0,35.51,60,28.7,84.3,0,Medium
2025-06-03 20:44:20.306260,13.58,2634.24,3035.49,1.149,2.0,34.47,60,27.6,65.4,0,Medium
2025-06-04 20:44:20.306260,2.37,625.82,897.58,1.126,2.0,33.77,60,33.0,67.7,0,Medium
2025-06-05 20:44:20.306260,49.46,7328.17,7546.86,1.107,2.0,33.2,60,29.9,77.6,0,Medium
2025-06-06 20:44:20.306260,10.26,2187.24,2685.18,1.064,2.0,31.91,60,35.0,51.6,0,Medium
2025-06-07 20:44:20.306260,56.7,6467.81,6717.8,1.042,2.0,31.26,60,28.5,45.1,0,Medium
2025-06-08 20:44:20.306260,28.14,3981.15,4191.43,1.024,2.0,30.72,60,24.2,58.1,0,Medium
2025-06-09 20:44:20.306260,13.09,2923.12,3358.01,0.986,2.0,29.59,60,32.7,85.1,0,Low
2025-06-10 20:44:20.306260,27.06,3247.65,1675.17,1.122,2.0,33.67,60,29.4,54.9,0,Medium
2025-06-11 20:44:20.306260,31.11,4096.65,4471.17,1.09,2.0,32.7,60,28.6,47.6,0,Medium
2025-06-12 20:44:20.306260,36.8,4056.76,4372.3,1.063,2.0,31.88,60,27.9,52.7,0,Medium
2025-06-13 20:44:20.306260,51.84,4645.99,4973.76,1.034,2.0,31.03,60,29.9,79.4,0,Medium
2025-06-14 20:44:20.306260,5.22,1237.22,1438.78,1.017,2.0,30.51,60,28.6,75.6,0,Medium
2025-06-15 20:44:20.306260,86.55,7833.15,8418.89,0.966,2.0,28.99,60,32.6,79.9,0,Low
2025-06-16 20:44:20.306260,15.87,2007.36,1105.38,1.044,2.0,31.33,60,33.7,58.7,0,Medium
2025-06-17 20:44:20.306260,59.08,7872.77,8301.77,1.007,2.0,30.22,60,28.1,92.2,0,Medium
2025-06-18 20:44:20.306260,7.47,941.18,1407.63,0.967,2.0,29.01,60,40.0,66.2,0,Low
2025-06-19 20:44:20.306260,0.88,545.46,402.48,0.979,2.0,29.38,60,27.1,69.8,0,Low
2025-06-20 20:44:20.306260,25.55,5006.39,2613.98,1.186,2.0,35.58,60,30.1,95.0,0,Medium
2025-06-21 20:44:20.306260,11.78,2109.35,2614.23,1.142,2.0,34.27,60,21.9,96.8,0,Medium
2025-06-22 20:44:20.306260,124.93,24802.14,25181.64,1.11,2.0,33.29,60,29.5,78.4,0,Medium
2025-06-23 20:44:20.306260,3.31,823.94,1172.45,1.079,2.0,32.38,60,29.0,94.8,0,Medium
2025-06-24 20:44:20.306260,1.45,496.29,1025.54,1.034,2.0,31.01,60,29.8,71.4,0,Medium
2025-06-25 20:44:20.306260,1.38,523.86,1069.99,0.987,2.0,29.6,60,34.9,57.8,0,Low
2025-06-26 20:44:20.306260,7.33,1585.3,856.43,1.049,2.0,31.48,60,38.4,58.3,0,Medium
2025-06-27 20:44:20.306260,25.97,5521.84,5938.9,1.013,2.0,30.4,60,35.5,72.4,0,Medium
2025-06-28 20:44:20.306260,21.13,2715.46,3188.92,0.973,2.0,29.18,60,29.5,75.1,0,Low
2025-06-29 20:44:20.306260,12.93,2632.41,1374.56,1.081,2.0,32.44,60,31.0,65.5,0,Medium
2025-06-30 20:44:20.306260,2.79,1016.15,1587.99,1.032,2.0,30.95,60,37.6,91.3,0,Medium
2025-07-01 20:44:20.306260,7.99,1433.3,1841.34,0.997,2.0,29.9,60,25.0,64.7,0,Low
2025-07-02 20:44:20.306260,6.11,1186.11,707.6,1.038,2.0,31.14,60,33.9,55.9,0,Medium
2025-07-03 20:44:20.306260,41.07,4182.26,4453.55,1.014,2.0,30.43,60,25.6,40.5,0,Medium
2025-07-04 20:44:20.306260,45.42,4907.55,5213.33,0.988,2.0,29.64,60,35.7,96.3,0,Low
2025-07-05 20:44:20.306260,45.02,4129.47,2126.83,1.161,2.0,34.83,60,29.3,87.8,0,Medium
2025-07-06 20:44:20.306260,104.25,15891.08,16196.68,1.135,2.0,34.04,60,25.6,75.7,0,Medium
2025-07-07 20:44:20.306260,64.69,10415.85,10812.81,1.1,2.0,33.01,60,26.7,88.2,0,Medium
2025-07-08 20:44:20.306260,20.66,4099.22,4632.67,1.054,2.0,31.63,60,27.5,87.0,0,Medium
2025-07-09 20:44:20.306260,16.08,2813.29,3226.78,1.019,2.0,30.56,60,34.8,94.0,0,Medium
2025-07-10 20:44:20.306260,74.23,8625.74,8923.52,0.993,2.0,29.78,60,36.7,62.4,0,Low
2025-07-11 20:44:20.306260,28.34,2560.72,1334.82,1.099,2.0,32.96,60,28.0,72.2,0,Medium
2025-07-12 20:44:20.306260,10.46,2141.75,2590.54,1.06,2.0,31.8,60,25.6,45.7,0,Medium
2025-07-13 20:44:20.306260,24.94,3722.59,4090.66,1.028,2.0,30.84,60,40.1,96.0,0,Medium
2025-07-14 20:44:20.306260,145.42,24930.91,25524.65,0.977,2.0,29.31,60,34.1,97.1,0,Low
2025-07-15 20:44:20.306260,56.81,5162.69,2709.32,1.189,2.0,35.66,60,26.1,85.8,0,Medium
2025-07-16 20:44:20.306260,9.91,1886.15,2409.5,1.144,2.0,34.31,60,31.8,66.3,0,Medium
2025-07-17 20:44:20.306260,91.7,11410.58,11615.47,1.126,2.0,33.78,60,27.9,68.8,0,Medium
2025-07-18 20:44:20.306260,119.64,10401.35,10912.47,1.082,2.0,32.45,60,23.6,65.3,0,Medium
2025-07-19 20:44:20.306260,7.89,2023.33,2301.17,1.058,2.0,31.73,60,28.4,57.0,0,Medium
2025-07-20 20:44:20.306260,67.78,10099.61,10533.93,1.02,2.0,30.61,60,23.1,70.6,0,Medium
2025-07-21 20:44:20.306260,64.42,8162.47,8541.44,0.987,2.0,29.62,60,27.6,43.1,0,Low
2025-07-22 20:44:20.306260,1.22,700.02,457.17,1.008,2.0,30.25,60,28.1,97.5,0,Medium
2025-07-23 20:44:20.306260,33.23,4780.92,5034.29,0.987,2.0,29.6,60,27.3,64.6,0,Low
2025-07-24 20:44:20.306260,10.93,1270.19,730.79,1.033,2.0,31.0,60,34.6,93.8,0,Medium
2025-07-25 20:44:20.306260,33.68,6599.61,6814.38,1.015,2.0,30.44,60,32.0,82.0,0,Medium
2025-07-26 20:44:20.306260,73.45,8471.43,8687.83,0.996,2.0,29.88,60,26.8,56.8,0,Low
2025-07-27 20:44:20.306260,20.72,4386.95,2309.25,1.175,2.0,35.26,60,31.6,52.9,0,Medium
2025-07-28 20:44:20.306260,16.05,3279.42,3860.1,1.125,2.0,33.76,60,36.5,97.7,0,Medium
2025-07-29 20:44:20.306260,76.35,8011.85,8522.8,1.081,2.0,32.43,60,25.9,84.8,0,Medium
2025-07-30 20:44:20.306260,109.62,15554.97,15942.64,1.048,2.0,31.43,60,23.4,54.5,0,Medium
2025-07-31 20:44:20.306260,1.93,617.19,839.54,1.028,2.0,30.85,60,24.6,43.9,0,Medium
2025-08-01 20:44:20.306260,76.86,9700.85,9918.86,1.01,2.0,30.29,60,31.9,80.4,0,Medium
2025-08-02 20:44:20.306260,2.59,838.25,1101.41,0.987,2.0,29.61,60,37.4,57.6,0,Low
2025-08-03 20:44:20.306260,12.34,1568.23,931.69,1.042,2.0,31.25,60,34.2,52.8,0,Medium
2025-08-04 20:44:20.306260,43.14,4484.81,4844.27,1.011,2.0,30.32,60,36.4,82.6,0,Medium
2025-08-05 20:44:20.306260,45.02,6615.97,7153.33,0.964,2.0,28.93,60,19.0,79.4,0,Low
2025-08-06 20:44:20.306260,38.82,6146.24,3193.64,1.219,2.0,36.58,60,25.8,67.9,0,Medium
2025-08-07 20:44:20.306260,1.2,516.29,958.46,1.181,2.0,35.44,60,24.4,94.7,0,Medium
2025-08-08 20:44:20.306260,4.28,1008.64,1587.77,1.131,2.0,33.94,60,32.8,79.4,0,Medium
2025-08-09 20:44:20.306260,82.57,13882.68,14174.84,1.106,2.0,33.18,60,29.0,91.8,0,Medium
2025-08-10 20:44:20.306260,2.55,917.35,1299.3,1.073,2.0,32.19,60,15.0,51.1,0,Medium
2025-08-11 20:44:20.306260,2.45,480.87,1026.76,1.026,2.0,30.77,60,33.8,57.2,0,Medium
2025-08-12 20:44:20.306260,54.17,8359.41,8780.12,0.989,2.0,29.68,60,35.8,46.1,0,Low
2025-08-13 20:44:20.306260,30.76,4205.17,2177.23,1.165,2.0,34.94,60,40.0,57.7,0,Medium
2025-08-14 20:44:20.306260,13.0,3141.65,3425.22,1.14,2.0,34.21,60,30.8,96.4,0,Medium
2025-08-15 20:44:20.306260,5.44,742.68,1243.83,1.097,2.0,32.91,60,33.1,95.8,0,Medium
2025-08-16 20:44:20.306260,64.67,13113.45,13318.57,1.079,2.0,32.37,60,24.3,84.1,0,Medium
2025-08-17 20:44:20.306260,134.06,23439.53,24005.21,1.03,2.0,30.91,60,21.8,70.2,0,Medium
2025-08-18 20:44:20.306260,1.54,581.43,788.8,1.012,2.0,30.37,60,36.2,85.3,0,Medium
2025-08-19 20:44:20.306260,24.23,3665.6,4118.0,0.973,2.0,29.2,60,32.7,72.1,0,Low
2025-08-20 20:44:20.306260,9.09,1555.73,888.34,1.031,2.0,30.93,60,36.2,40.2,0,Medium
2025-08-21 20:44:20.306260,53.58,8165.43,8596.8,0.994,2.0,29.81,60,28.7,69.1,0,Low
2025-08-22 20:44:20.306260,12.74,1787.91,991.39,1.062,2.0,31.87,60,41.9,74.7,0,Medium
2025-08-23 20:44:20.306260,37.62,7741.52,8282.49,1.016,2.0,30.47,60,31.6,55.4,0,Medium
2025-08-24 20:44:20.306260,23.26,4572.36,5036.09,0.976,2.0,29.27,60,26.2,51.8,0,Low
2025-08-25 20:44:20.306260,23.4,4551.2,2403.79,1.161,2.0,34.84,60,28.4,55.9,0,Medium
2025-08-26 20:44:20.306260,58.56,8103.45,8349.66,1.14,2.0,34.2,60,22.0,76.2,0,Medium
2025-08-27 20:44:20.306260,19.07,2266.69,2486.65,1.121,2.0,33.63,60,25.3,48.5,0,Medium
2025-08-28 20:44:20.306260,56.05,9678.16,9889.57,1.103,2.0,33.08,60,28.1,81.8,0,Medium
2025-08-29 20:44:20.306260,13.55,1918.55,2177.43,1.08,2.0,32.41,60,37.7,64.5,0,Medium
2025-08-30 20:44:20.306260,5.76,1357.76,1824.56,1.04,2.0,31.2,60,29.7,60.5,0,Medium
2025-08-31 20:44:20.306260,18.24,3661.6,4059.2,1.006,2.0,30.17,60,35.4,86.8,0,Medium
2025-09-01 20:44:20.306260,20.7,2557.1,3058.0,0.962,2.0,28.87,60,29.5,69.4,0,Low
2025-09-02 20:44:20.306260,19.52,3326.72,1732.53,1.1,2.0,33.0,60,24.9,61.9,0,Medium
2025-09-03 20:44:20.306260,49.56,8370.08,8716.87,1.07,2.0,32.1,60,32.7,90.9,0,Medium
2025-09-04 20:44:20.306260,24.95,4108.82,4664.22,1.022,2.0,30.66,60,25.8,61.4,0,Medium
2025-09-05 20:44:20.306260,65.8,9943.94,10518.22,0.973,2.0,29.18,60,28.0,89.8,0,Low
2025-09-06 20:44:20.306260,21.66,2730.99,1507.67,1.078,2.0,32.35,60,40.2,69.2,0,Medium
2025-09-07 20:44:20.306260,7.64,1037.43,1564.75,1.033,2.0,30.98,60,33.0,52.1,0,Medium
2025-09-08 20:44:20.306260,4.16,1132.71,1608.0,0.992,2.0,29.75,60,25.9,75.5,0,Low
2025-09-09 20:44:20.306260,60.83,5520.34,2901.54,1.218,2.0,36.54,60,33.7,56.5,0,Medium
2025-09-10 20:44:20.306260,1.73,685.65,1171.33,1.176,2.0,35.28,60,25.3,48.5,0,Medium
2025-09-11 20:44:20.306260,3.75,1126.3,1707.88,1.126,2.0,33.77,60,21.2,45.0,0,Medium
2025-09-12 20:44:20.306260,1.97,909.43,1119.34,1.107,2.0,33.22,60,35.5,54.0,0,Medium
2025-09-13 20:44:20.306260,16.54,3692.54,4261.2,1.058,2.0,31.75,60,31.5,82.7,0,Medium
2025-09-14 20:44:20.306260,22.82,4048.65,4470.95,1.022,2.0,30.66,60,29.0,88.6,0,Medium
2025-09-15 20:44:20.306260,0.6,201.71,446.43,1.001,2.0,30.02,60,21.7,90.0,0,Medium
2025-09-16 20:44:20.306260,21.74,3560.75,3846.72,0.976,2.0,29.28,60,28.4,55.7,0,Low
2025-09-17 20:44:20.306260,15.01,1919.66,1095.05,1.047,2.0,31.42,60,31.0,78.3,0,Medium
2025-09-18 20:44:20.306260,44.57,4436.31,4838.76,1.012,2.0,30.37,60,24.2,53.4,0,Medium
2025-09-19 20:44:20.306260,53.15,8261.03,8854.16,0.961,2.0,28.84,60,30.2,76.1,0,Low
2025-09-20 20:44:20.306260,34.65,6590.17,3356.84,1.241,2.0,37.22,60,37.8,91.5,0,Medium
2025-09-21 20:44:20.306260,19.24,2374.8,2739.81,1.209,2.0,36.27,60,31.1,42.4,0,Medium
2025-09-22 20:44:20.306260,7.31,1204.78,1537.53,1.18,2.0,35.41,60,32.9,97.1,0,Medium
2025-09-23 20:44:20.306260,56.34,8650.34,9056.79,1.145,2.0,34.36,60,27.8,88.0,0,Medium
2025-09-24 20:44:20.306260,12.54,2675.7,3129.07,1.106,2.0,33.18,60,24.7,84.2,0,Medium
2025-09-25 20:44:20.306260,13.22,1727.36,2192.01,1.066,2.0,31.98,60,27.2,80.1,0,Medium
2025-09-26 20:44:20.306260,74.31,8368.9,8569.42,1.049,2.0,31.46,60,35.3,84.7,0,Medium
2025-09-27 20:44:20.306260,111.39,21828.61,22064.19,1.028,2.0,30.85,60,29.5,97.7,0,Medium
2025-09-28 20:44:20.306260,68.52,6310.87,6524.89,1.01,2.0,30.29,60,29.0,84.7,0,Medium
2025-09-29 20:44:20.306260,190.18,30690.69,31236.53,0.963,2.0,28.88,60,27.5,60.4,0,Low
2025-09-30 20:44:20.306260,60.96,9863.67,5013.16,1.382,2.0,41.45,60,23.6,75.6,0,Medium
2025-10-01 20:44:20.306260,36.56,5366.83,5713.66,1.352,2.0,40.55,60,36.8,59.5,0,Medium
2025-10-02 20:44:20.306260,10.44,1755.39,2135.54,1.319,2.0,39.57,60,29.0,96.3,0,Medium
2025-10-03 20:44:20.306260,91.7,17036.6,17576.32,1.272,2.0,38.17,60,27.3,92.2,0,Medium
2025-10-04 20:44:20.306260,62.78,6770.95,6976.61,1.254,2.0,37.63,60,30.4,72.9,0,Medium
2025-10-05 20:44:20.306260,8.26,1319.89,1567.34,1.233,2.0,36.99,60,27.4,85.3,0,Medium
2025-10-06 20:44:20.306260,20.15,3128.26,3602.33,1.192,2.0,35.76,60,31.6,92.8,0,Medium
2025-10-07 20:44:20.306260,2.18,1010.83,1596.38,1.142,2.0,34.25,60,26.6,54.1,0,Medium
2025-10-08 20:44:20.306260,91.93,14236.4,14693.51,1.102,2.0,33.06,60,30.6,73.6,0,Medium
2025-10-09 20:44:20.306260,25.51,5260.82,5565.27,1.076,2.0,32.27,60,29.7,67.9,0,Medium
2025-10-10 20:44:20.306260,8.44,2364.04,2771.98,1.04,2.0,31.21,60,39.3,84.8,0,Medium
2025-10-11 20:44:20.306260,10.38,1638.13,2228.12,0.989,2.0,29.68,60,39.6,62.0,0,Low
2025-10-12 20:44:20.306260,118.36,14158.64,7182.13,1.592,2.0,47.77,60,33.9,81.1,0,Medium
2025-10-13 20:44:20.306260,28.68,3594.72,3944.12,1.562,2.0,46.86,60,29.6,63.4,0,Medium
2025-10-14 20:44:20.306260,16.38,3632.37,3985.74,1.532,2.0,45.95,60,34.0,46.4,0,Medium
2025-10-15 20:44:20.306260,20.79,3147.46,3734.27,1.481,2.0,44.42,60,33.9,46.2,0,Medium
2025-10-16 20:44:20.306260,3.11,759.02,1246.58,1.439,2.0,43.16,60,27.6,46.9,0,Medium
2025-10-17 20:44:20.306260,2.34,819.92,1294.79,1.398,2.0,41.93,60,21.8,41.9,0,Medium
2025-10-18 20:44:20.306260,26.95,4152.89,4445.71,1.372,2.0,41.17,60,20.5,70.9,0,Medium
2025-10-19 20:44:20.306260,21.52,2647.14,3070.94,1.336,2.0,40.07,60,29.4,79.0,0,Medium
2025-10-20 20:44:20.306260,13.35,1927.88,2270.58,1.306,2.0,39.18,60,27.5,47.4,0,Medium
2025-10-21 20:44:20.306260,25.05,4504.11,4800.19,1.281,2.0,38.42,60,27.3,75.5,0,Medium
2025-10-22 20:44:20.306260,2.26,644.84,1203.06,1.232,2.0,36.97,60,26.0,74.7,0,Medium
2025-10-23 20:44:20.306260,86.47,14004.93,14358.19,1.202,2.0,36.05,60,25.8,48.5,0,Medium
2025-10-24 20:44:20.306260,10.43,1339.47,1652.58,1.175,2.0,35.24,60,33.3,63.4,0,Medium
2025-10-25 20:44:20.306260,2.23,582.35,1155.04,1.125,2.0,33.76,60,14.9,83.8,0,Medium
2025-10-26 20:44:20.306260,5.57,1439.71,1718.65,1.101,2.0,33.04,60,32.9,41.0,0,Medium
2025-10-27 20:44:20.306260,3.01,958.01,1456.21,1.058,2.0,31.74,60,28.6,48.5,0,Medium
2025-10-28 20:44:20.306260,5.9,805.47,1266.57,1.018,2.0,30.55,60,37.2,97.8,0,Medium
2025-10-29 20:44:20.306260,16.17,1799.01,2367.21,0.969,2.0,29.08,60,31.3,82.5,0,Low
2025-10-30 20:44:20.306260,40.19,6613.51,3439.96,1.243,2.0,37.3,60,21.3,66.9,0,Medium
2025-10-31 20:44:20.306260,9.54,1709.64,2191.76,1.202,2.0,36.05,60,20.6,76.5,0,Medium
2025-11-01 20:44:20.306260,17.18,1869.77,2195.6,1.174,2.0,35.21,60,24.3,89.1,0,Medium
2025-11-02 20:44:20.306260,79.25,11886.69,12284.92,1.139,2.0,34.18,60,31.3,88.9,0,Medium
2025-11-03 20:44:20.306260,10.52,2546.26,3124.06,1.089,2.0,32.68,60,21.4,58.8,0,Medium
2025-11-04 20:44:20.306260,47.5,7801.91,8011.2,1.071,2.0,32.14,60,30.6,68.5,0,Medium
2025-11-05 20:44:20.306260,5.15,1362.19,1879.93,1.026,2.0,30.79,60,33.5,77.0,0,Medium
2025-11-06 20:44:20.306260,5.89,1848.42,2149.14,1.0,2.0,30.01,60,27.4,44.2,0,Medium
2025-11-07 20:44:20.306260,18.27,2258.83,2532.84,0.977,2.0,29.3,60,25.6,94.9,0,Low
2025-11-08 20:44:20.306260,8.0,1312.91,729.68,1.027,2.0,30.82,60,19.2,65.1,0,Medium
2025-11-09 20:44:20.306260,70.0,10602.72,10826.63,1.008,2.0,30.24,60,37.6,61.5,0,Medium
2025-11-10 20:44:20.306260,1.56,669.89,1266.68,0.956,2.0,28.69,60,39.1,92.6,0,Low
2025-11-11 20:44:20.306260,27.28,5768.6,3021.29,1.194,2.0,35.81,60,36.1,46.9,0,Medium
2025-11-12 20:44:20.306260,27.81,3661.04,4069.46,1.158,2.0,34.75,60,28.6,42.3,0,Medium
2025-11-13 20:44:20.306260,2.05,548.68,1034.72,1.116,2.0,33.49,60,29.7,79.7,0,Medium
2025-11-14 20:44:20.306260,39.57,7887.91,8310.55,1.08,2.0,32.4,60,33.4,62.3,0,Medium
2025-11-15 20:44:20.306260,18.98,2478.14,3002.77,1.035,2.0,31.04,60,30.7,84.3,0,Medium
2025-11-16 20:44:20.306260,38.52,5201.96,5739.87,0.988,2.0,29.64,60,14.4,44.0,0,Low
2025-11-17 20:44:20.306260,52.62,8144.92,4145.74,1.334,2.0,40.01,60,34.6,62.3,0,Medium
2025-11-18 20:44:20.306260,11.7,2510.4,2894.3,1.3,2.0,39.01,60,36.1,53.6,0,Medium
2025-11-19 20:44:20.306260,19.88,3449.13,3903.07,1.261,2.0,37.84,60,35.4,82.9,0,Medium
2025-11-20 20:44:20.306260,9.06,1331.11,1922.49,1.21,2.0,36.3,60,32.3,53.2,0,Medium
2025-11-21 20:44:20.306260,6.75,1434.68,1907.76,1.169,2.0,35.08,60,34.8,66.6,0,Medium
2025-11-22 20:44:20.306260,0.02,353.85,912.9,1.121,2.0,33.63,60,22.9,87.5,0,Medium
2025-11-23 20:44:20.306260,99.42,17884.83,18423.28,1.074,2.0,32.23,60,29.5,93.1,0,Medium
2025-11-24 20:44:20.306260,17.44,1840.25,2273.07,1.037,2.0,31.11,60,26.7,81.9,0,Medium
2025-11-25 20:44:20.306260,0.39,304.99,862.45,0.989,2.0,29.67,60,37.3,64.9,0,Low
2025-11-26 20:44:20.306260,0.27,455.59,315.54,1.001,2.0,30.03,60,30.9,73.2,0,Medium
2025-11-27 20:44:20.306260,10.21,1971.93,2323.64,0.971,2.0,29.12,60,29.2,80.0,0,Low
2025-11-28 20:44:20.306260,0.42,310.75,283.47,0.973,2.0,29.19,60,24.9,90.7,0,Low
2025-11-29 20:44:20.306260,14.08,2473.73,1300.32,1.074,2.0,32.23,60,24.7,91.5,0,Medium
2025-11-30 20:44:20.306260,1.95,521.36,843.69,1.046,2.0,31.39,60,24.4,94.0,0,Medium
2025-12-01 20:44:20.306260,0.2,535.61,979.03,1.008,2.0,30.24,60,33.7,87.0,0,Medium
2025-12-02 20:44:20.306260,5.53,790.93,1158.95,0.976,2.0,29.29,60,33.0,48.5,0,Low
2025-12-03 20:44:20.306260,11.87,1547.42,917.78,1.031,2.0,30.92,60,31.3,83.4,0,Medium
2025-12-04 20:44:20.306260,2.63,581.38,1164.79,0.98,2.0,29.41,60,34.0,87.2,0,Low
2025-12-05 20:44:20.306260,9.06,2132.89,1166.7,1.064,2.0,31.91,60,26.0,90.9,0,Medium
2025-12-06 20:44:20.306260,0.15,218.28,633.9,1.028,2.0,30.84,60,20.8,93.6,0,Medium
2025-12-07 20:44:20.306260,7.52,1451.29,1941.14,0.986,2.0,29.57,60,33.4,69.5,0,Low
2025-12-08 20:44:20.306260,0.32,313.98,252.71,0.991,2.0,29.73,60,29.7,78.0,0,Low
2025-12-09 20:44:20.306260,9.11,1796.0,967.01,1.062,2.0,31.87,60,34.2,40.6,0,Medium
2025-12-10 20:44:20.306260,10.7,2489.32,2988.11,1.019,2.0,30.58,60,32.1,73.2,0,Medium
2025-12-11 20:44:20.306260,7.71,1413.73,1908.85,0.977,2.0,29.3,60,29.6,67.4,0,Low
2025-12-12 20:44:20.306260,8.59,1476.07,812.53,1.034,2.0,31.02,60,31.0,95.8,0,Medium
2025-12-13 20:44:20.306260,4.12,1187.3,1720.46,0.988,2.0,29.64,60,37.0,92.3,0,Low
2025-12-14 20:44:20.306260,1.54,514.5,368.61,1.0,2.0,30.01,60,28.5,86.3,0,Medium
2025-12-15 20:44:20.306260,5.15,943.35,1237.87,0.975,2.0,29.25,60,33.7,43.3,0,Low
2025-12-16 20:44:20.306260,2.9,937.86,584.13,1.006,2.0,30.17,60,31.5,63.3,0,Medium
2025-12-17 20:44:20.306260,0.03,278.16,571.61,0.98,2.0,29.41,60,21.6,80.4,0,Low
2025-12-18 20:44:20.306260,3.24,677.87,415.46,1.003,2.0,30.09,60,23.4,41.7,0,Medium
2025-12-19 20:44:20.306260,5.27,1201.78,1740.98,0.956,2.0,28.69,60,29.8,53.7,0,Low
2025-12-20 20:44:20.306260,0.07,648.42,467.16,0.972,2.0,29.16,60,27.5,91.5,0,Low
2025-12-21 20:44:20.306260,4.86,1034.17,592.77,1.01,2.0,30.3,60,25.2,47.5,0,Medium
2025-12-22 20:44:20.306260,5.29,1197.24,1768.46,0.961,2.0,28.82,60,35.4,43.0,0,Low
2025-12-23 20:44:20.306260,0.86,409.36,278.56,0.972,2.0,29.16,60,22.5,73.7,0,Low
2025-12-24 20:44:20.306260,2.82,964.57,544.01,1.008,2.0,30.25,60,29.0,94.9,0,Medium
2025-12-25 20:44:20.306260,16.67,2268.15,2491.44,0.989,2.0,29.67,60,25.6,88.4,0,Low
2025-12-26 20:44:20.306260,10.78,1858.31,1003.37,1.063,2.0,31.89,60,37.4,96.5,0,Medium
2025-12-27 20:44:20.306260,2.65,811.62,1165.71,1.032,2.0,30.97,60,42.6,83.7,0,Medium
2025-12-28 20:44:20.306260,2.15,1076.28,1647.3,0.983,2.0,29.49,60,28.4,65.4,0,Low
2025-12-29 20:44:20.306260,0.66,470.56,309.5,0.997,2.0,29.91,60,34.2,94.9,0,Low
2025-12-30 20:44:20.306260,0.18,326.77,249.93,1.004,2.0,30.11,60,36.3,64.7,0,Medium
2025-12-31 20:44:20.306260,1.77,491.59,985.26,0.961,2.0,28.83,60,34.5,60.3,0,Low
2026-01-01 20:44:20.306260,14.09,1901.33,1030.87,1.036,2.0,31.08,60,34.0,66.0,0,Medium
2026-01-02 20:44:20.306260,15.92,3330.54,3804.28,0.995,2.0,29.86,60,21.1,87.2,0,Low
2026-01-03 20:44:20.306260,8.37,1781.14,983.78,1.064,2.0,31.92,60,35.9,93.2,0,Medium
2026-01-04 20:44:20.306260,2.16,673.59,952.16,1.04,2.0,31.2,60,31.8,60.7,0,Medium
2026-01-05 20:44:20.306260,0.78,787.03,1280.66,0.997,2.0,29.92,60,28.9,66.8,0,Low
2026-01-06 20:44:20.306260,4.53,978.56,541.98,1.035,2.0,31.05,60,29.6,92.1,0,Medium
2026-01-07 20:44:20.306260,5.2,1376.39,1693.33,1.008,2.0,30.23,60,31.3,42.7,0,Medium
2026-01-08 20:44:20.306260,2.76,794.38,1136.85,0.978,2.0,29.34,60,28.7,85.5,0,Low
2026-01-09 20:44:20.306260,5.88,1215.89,703.77,1.022,2.0,30.67,60,28.2,66.3,0,Medium
2026-01-10 20:44:20.306260,6.87,1707.15,2179.1,0.982,2.0,29.45,60,25.1,61.8,0,Low
2026-01-11 20:44:20.306260,7.64,1434.3,813.09,1.035,2.0,31.06,60,32.6,65.9,0,Medium
2026-01-12 20:44:20.306260,3.49,855.34,1293.07,0.997,2.0,29.92,60,29.2,64.3,0,Low
2026-01-13 20:44:20.306260,7.84,1880.86,1050.01,1.069,2.0,32.08,60,26.0,83.9,0,Medium
2026-01-14 20:44:20.306260,0.13,616.05,965.36,1.039,2.0,31.17,60,30.5,93.8,0,Medium
2026-01-15 20:44:20.306260,5.7,1120.51,1694.1,0.99,2.0,29.69,60,30.2,68.5,0,Low
2026-01-16 20:44:20.306260,1.34,686.74,488.96,1.007,2.0,30.2,60,32.5,88.3,0,Medium
2026-01-17 20:44:20.306260,1.58,384.18,816.92,0.969,2.0,29.08,60,29.9,82.5,0,Low
2026-01-18 20:44:20.306260,0.48,620.4,367.37,0.991,2.0,29.73,60,33.1,59.2,0,Low
2026-01-19 20:44:20.306260,1.07,411.13,304.68,1.0,2.0,30.01,60,28.6,74.1,0,Medium
2026-01-20 20:44:20.306260,24.15,3908.49,4182.26,0.977,2.0,29.3,60,29.0,78.7,0,Low
2026-01-21 20:44:20.306260,2.68,854.35,525.5,1.005,2.0,30.15,60,31.4,41.4,0,Medium
2026-01-22 20:44:20.306260,13.14,2510.5,2785.89,0.981,2.0,29.44,60,31.9,63.0,0,Low
2026-01-23 20:44:20.306260,0.89,509.07,374.92,0.993,2.0,29.79,60,36.1,97.6,0,Low
2026-01-24 20:44:20.306260,1.14,340.23,228.16,1.003,2.0,30.08,60,35.2,77.0,0,Medium
2026-01-25 20:44:20.306260,4.08,1012.55,1593.87,0.952,2.0,28.57,60,29.8,59.4,0,Low
2026-01-26 20:44:20.306260,2.15,891.16,515.12,0.985,2.0,29.54,60,22.9,54.5,0,Low
2026-01-27 20:44:20.306260,5.16,1255.12,743.63,1.029,2.0,30.87,60,33.4,52.1,0,Medium
2026-01-28 20:44:20.306260,2.74,694.62,1261.4,0.98,2.0,29.4,60,32.6,63.3,0,Low
2026-01-29 20:44:20.306260,8.35,1481.87,815.72,1.038,2.0,31.13,60,31.1,51.2,0,Medium
2026-01-30 20:44:20.306260,2.82,996.77,1570.49,0.988,2.0,29.64,60,33.9,47.8,0,Low
2026-01-31 20:44:20.306260,4.25,737.27,457.5,1.012,2.0,30.36,60,28.2,61.1,0,Medium
2026-02-01 20:44:20.306260,1.94,881.01,1465.22,0.962,2.0,28.85,60,22.0,75.2,0,Low
2026-02-02 20:44:20.306260,6.09,729.44,511.86,0.98,2.0,29.41,60,25.6,48.5,0,Low
2026-02-03 20:44:20.306260,5.32,1357.15,747.38,1.033,2.0,31.0,60,15.5,42.6,0,Medium
2026-02-04 20:44:20.306260,2.53,790.09,1322.52,0.987,2.0,29.62,60,32.2,42.0,0,Low
2026-02-05 20:44:20.306260,1.62,548.85,343.77,1.005,2.0,30.15,60,29.7,55.5,0,Medium
2026-02-06 20:44:20.306260,4.76,1380.89,1671.47,0.98,2.0,29.39,60,34.3,51.0,0,Low
2026-02-07 20:44:20.306260,14.34,1824.32,970.57,1.054,2.0,31.61,60,33.8,71.3,0,Medium
2026-02-08 20:44:20.306260,0.71,461.12,723.73,1.031,2.0,30.93,60,27.6,66.4,0,Medium
2026-02-09 20:44:20.306260,8.03,1501.75,1954.64,0.992,2.0,29.75,60,25.9,58.8,0,Low
2026-02-10 20:44:20.306260,3.92,703.54,446.7,1.014,2.0,30.42,60,26.1,88.3,0,Medium
2026-02-11 20:44:20.306260,3.73,468.2,984.57,0.969,2.0,29.08,60,39.6,69.3,0,Low
2026-02-12 20:44:20.306260,16.31,2806.01,1486.21,1.083,2.0,32.5,60,29.2,45.3,0,Medium
2026-02-13 20:44:20.306260,4.66,994.23,1581.68,1.033,2.0,30.98,60,28.6,57.2,0,Medium
2026-02-14 20:44:20.306260,8.88,2132.54,2352.48,1.014,2.0,30.41,60,31.5,96.5,0,Medium
2026-02-15 20:44:20.306260,3.61,905.51,1130.69,0.994,2.0,29.82,60,22.1,96.7,0,Low
2026-02-16 20:44:20.306260,1.44,396.15,318.21,1.001,2.0,30.03,60,28.0,54.8,0,Medium
2026-02-17 20:44:20.306260,5.93,1312.56,1867.57,0.953,2.0,28.59,60,25.7,49.7,0,Low
2026-02-18 20:44:20.306260,12.83,2425.56,1342.33,1.046,2.0,31.39,60,24.7,68.7,0,Medium
2026-02-19 20:44:20.306260,9.2,1357.34,1753.27,1.012,2.0,30.37,60,28.7,67.9,0,Medium
2026-02-20 20:44:20.306260,1.11,385.7,693.56,0.986,2.0,29.57,60,30.2,63.8,0,Low
2026-02-21 20:44:20.306260,1.91,421.21,261.95,0.999,2.0,29.98,60,23.7,70.7,0,Low
2026-02-22 20:44:20.306260,3.64,879.78,540.84,1.029,2.0,30.86,60,28.2,53.5,0,Medium
2026-02-23 20:44:20.306260,4.24,705.12,1095.37,0.995,2.0,29.85,60,30.4,46.7,0,Low
2026-02-24 20:44:20.306260,1.08,499.12,333.98,1.009,2.0,30.28,60,32.3,73.1,0,Medium
2026-02-25 20:44:20.306260,1.31,532.59,963.82,0.972,2.0,29.16,60,28.6,94.1,0,Low
2026-02-26 20:44:20.306260,7.11,868.92,557.34,0.999,2.0,29.97,60,31.7,48.0,0,Low
2026-02-27 20:44:20.306260,6.55,1154.56,697.37,1.038,2.0,31.15,60,28.2,80.9,0,Medium
2026-02-28 20:44:20.306260,9.14,1704.02,2009.32,1.012,2.0,30.36,60,36.4,65.4,0,Medium
2026-03-01 20:44:20.306260,13.51,2085.36,2519.48,0.975,2.0,29.24,60,32.7,57.1,0,Low
2026-03-02 20:44:20.306260,1.84,880.46,505.11,1.007,2.0,30.21,60,26.6,89.5,0,Medium
2026-03-03 20:44:20.306260,9.82,2102.59,2351.23,0.986,2.0,29.57,60,27.5,66.5,0,Low
2026-03-04 20:44:20.306260,5.48,1350.0,803.59,1.033,2.0,30.98,60,32.0,73.8,0,Medium
2026-03-05 20:44:20.306260,15.82,2895.5,3373.0,0.991,2.0,29.74,60,27.4,65.7,0,Low
2026-03-06 20:44:20.306260,1.59,653.18,453.38,1.009,2.0,30.26,60,20.3,44.7,0,Medium
2026-03-07 20:44:20.306260,1.57,928.49,1189.48,0.986,2.0,29.59,60,31.5,74.5,0,Low
2026-03-08 20:44:20.306260,6.09,1033.75,658.34,1.019,2.0,30.56,60,28.1,64.3,0,Medium
2026-03-09 20:44:20.306260,13.18,1527.98,1781.23,0.997,2.0,29.9,60,33.4,45.0,0,Low
2026-03-10 20:44:20.306260,8.7,1248.05,761.03,1.039,2.0,31.16,60,30.2,74.6,0,Medium
2026-03-11 20:44:20.306260,6.49,1116.52,1457.47,1.009,2.0,30.28,60,33.2,40.6,0,Medium
2026-03-12 20:44:20.306260,2.45,496.23,738.4,0.988,2.0,29.65,60,42.6,52.1,0,Low
2026-03-13 20:44:20.306260,6.33,1383.97,770.66,1.041,2.0,31.24,60,36.4,85.3,0,Medium
2026-03-14 20:44:20.306260,8.07,1358.92,1631.5,1.018,2.0,30.54,60,28.2,42.2,0,Medium
2026-03-15 20:44:20.306260,7.0,1616.42,2012.69,0.984,2.0,29.51,60,32.1,77.5,0,Low
2026-03-16 20:44:20.306260,5.65,1322.85,806.4,1.028,2.0,30.85,60,30.6,95.1,0,Medium
2026-03-17 20:44:20.306260,0.24,621.53,952.68,1.0,2.0,29.99,60,31.3,49.9,0,Low
2026-03-18 20:44:20.306260,5.39,805.54,513.98,1.025,2.0,30.74,60,22.2,64.2,0,Medium
2026-03-19 20:44:20.306260,3.25,845.34,1402.03,0.977,2.0,29.3,60,35.3,73.4,0,Low
2026-03-20 20:44:20.306260,16.29,3407.47,1816.74,1.114,2.0,33.43,60,18.5,66.1,0,Medium
